<?xml version="1.0" encoding="UTF-8"?>
<?xml-model href="http://www.tei-c.org/release/xml/tei/custom/schema/relaxng/tei_all.rng" type="application/xml" schematypens="http://relaxng.org/ns/structure/1.0"?>
<?xml-model href="http://www.tei-c.org/release/xml/tei/custom/schema/relaxng/tei_all.rng" type="application/xml" schematypens="http://purl.oclc.org/dsdl/schematron"?>
<TEI xmlns="http://www.tei-c.org/ns/1.0" xml:id="xct_tshangs-dbyangs-rgya-mtsho-i-mgul-glu">
  <teiHeader xml:lang="en">
    <fileDesc>
      <titleStmt>
	<title>mgul glu</title>
	<author>Tshangs-dbyangs-rgya-mtsho</author>
	<respStmt>
	  <resp>data entry</resp>
	  <name>Maximilian Mehner</name>
	</respStmt>
	<respStmt>
	  <resp>contribution to GRETIL</resp>
	  <name>Maximilian Mehner</name>
	</respStmt>
	<respStmt>
	  <resp>normalization and conversion to TEI-conformant markup</resp>
	  <name>Maximilian Mehner</name>
	</respStmt>
      </titleStmt>

      <publicationStmt>
	<publisher>Göttingen Register of Electronic Texts in Indian Languages (GRETIL), SUB Göttingen</publisher>
	<availability>
	  <p>This e-text was provided to GRETIL in good faith that no copyright rights have been infringed.
	  If anyone wishes to assert copyright over this file, please contact the GRETIL management at <email>gretil(at)sub(dot)uni-goettingen(dot)de</email>.
	  The file will be immediately removed pending resolution of the claim.</p>

	  <licence target="https://creativecommons.org/licenses/by-nc-sa/4.0/">Distributed under a Creative Commons Attribution-NonCommercial-ShareAlike 4.0 International License.</licence>
	</availability>
	<date when-iso="2019-11-05"/>
      </publicationStmt>

      <notesStmt>
	<note></note>
      </notesStmt>

      <sourceDesc>
	<biblStruct xml:id="Sorensen1990">
	  <monogr>
	    <author>Per K. Sorensen</author>
	    <title>Divinity Secularized. An inquiry into the nature and form of the songs ascribed to the sixth Dalai Lama</title>
	    <imprint>
	      <pubPlace>Wien</pubPlace>
	      <publisher>Arbeitskreis für Tibetische und Buddhistische Studien</publisher>
	      <date when-iso="1990"/>
	    </imprint>
	  </monogr>
	  <series>
	    <title>Wiener Studien zur Tibetologie und Buddhismuskunde</title>
	    <biblScope unit="volume">25</biblScope>
	  </series>
	</biblStruct>
      </sourceDesc>
    </fileDesc>

    <encodingDesc>
      <projectDesc>
	<p>The Göttingen Register of Electronic Texts in Indian Languages (GRETIL) is a resource platform providing standardized machine-readable texts in Indian languages that have been contributed by various individuals and institutions.</p>
      </projectDesc>

      <editorialDecl>
	<correction>
	  <p>Apparent errors have been silently corrected.</p>
	</correction>

	<normalization>
	  <p>GRETIL normalizes all texts contributed consistently for each language.
	  Tibetan texts are normalized in accordance with the scheme of the Wylie Transliteration in order to facilitate word search across its corpus without additional transformations.</p>

	  <p><table>
	    <head>Characters Used for the Transliteration of Tibetan according to Wylie</head>
	    <row role="label">
	      <cell>Character</cell>
	      <cell>Character Name</cell>
	      <cell>Unicode Code Point</cell>
	    </row>
	    <row>
	      <cell>a</cell>
	      <cell>LATIN SMALL LETTER A</cell>
	      <cell>U+0061</cell>
	    </row>
	    <row>
	      <cell>i</cell>
	      <cell>LATIN SMALL LETTER I</cell>
	      <cell>U+0069</cell>
	    </row>
	    <row>
	      <cell>u</cell>
	      <cell>LATIN SMALL LETTER U</cell>
	      <cell>U+0075</cell>
	    </row>
	    <row>
	      <cell>e</cell>
	      <cell>LATIN SMALL LETTER E</cell>
	      <cell>U+0065</cell>
	    </row>
	    <row>
	      <cell>o</cell>
	      <cell>LATIN SMALL LETTER O</cell>
	      <cell>U+006F</cell>
	    </row>
	    <row>
	      <cell>k</cell>
	      <cell>LATIN SMALL LETTER K</cell>
	      <cell>U+006B</cell>
	    </row>
	    <row>
	      <cell>g</cell>
	      <cell>LATIN SMALL LETTER G</cell>
	      <cell>U+0067</cell>
	    </row>
	    <row>
	      <cell>c</cell>
	      <cell>LATIN SMALL LETTER C</cell>
	      <cell>U+0063</cell>
	    </row>
	    <row>
	      <cell>j</cell>
	      <cell>LATIN SMALL LETTER J</cell>
	      <cell>U+006A</cell>
	    </row>
	    <row>
	      <cell>p</cell>
	      <cell>LATIN SMALL LETTER P</cell>
	      <cell>U+0070</cell>
	    </row>
	    <row>
	      <cell>b</cell>
	      <cell>LATIN SMALL LETTER B</cell>
	      <cell>U+0062</cell>
	    </row>
	    <row>
	      <cell>m</cell>
	      <cell>LATIN SMALL LETTER M</cell>
	      <cell>U+006D</cell>
	    </row>
	    <row>
	      <cell>w</cell>
	      <cell>LATIN SMALL LETTER W</cell>
	      <cell>U+0077</cell>
	    </row>
	    <row>
	      <cell>z</cell>
	      <cell>LATIN SMALL LETTER Z</cell>
	      <cell>U+007A</cell>
	    </row>
	    <row>
	      <cell>'</cell>
	      <cell>APOSTROPHE</cell>
	      <cell>U+0027</cell>
	    </row>
	    <row>
	      <cell>y</cell>
	      <cell>LATIN SMALL LETTER Y</cell>
	      <cell>U+0079</cell>
	    </row>
	    <row>
	      <cell>r</cell>
	      <cell>LATIN SMALL LETTER R</cell>
	      <cell>U+0072</cell>
	    </row>
	    <row>
	      <cell>l</cell>
	      <cell>LATIN SMALL LETTER L</cell>
	      <cell>U+006C</cell>
	    </row>
	    <row>
	      <cell>s</cell>
	      <cell>LATIN SMALL LETTER S</cell>
	      <cell>U+0073</cell>
	    </row>
	    <row>
	      <cell>h</cell>
	      <cell>LATIN SMALL LETTER H</cell>
	      <cell>U+0068</cell>
	    </row>
	  </table>
	  </p>
	</normalization>
	
	<quotation marks="some">
	  <p>If indicated unambiguously in the text file contributed quotation marks have been replaced with the <gi>q</gi> element and, in case a reference was provided, have been nested inside a <gi>cit</gi> with the respective reference provided in a <gi>ref</gi> element after the quote.</p>
	</quotation>

	<segmentation>
	  <p>Unnumbered <gi>div</gi> elements are used to structure the text, using the <att>type</att> and <att>n</att> attributes in accordance with the <gi>refsDecl</gi>.</p>
	</segmentation>

	<interpretation>
	  <p>Interpretive markup which is visible only in analytic transformations of this file consists of:
	  <list>
	    <item>Highlighting in <gi>hi</gi> elements,</item>
	    <item>Corruptions in <gi>sic</gi> elements,</item>
	    <item>Remarks in <gi>note</gi> elements with the <att>resp</att> attribute identifying the agency.</item>
	  </list>
	  </p>
	</interpretation>
      </editorialDecl>

      <refsDecl>
	<p>A reference is given in the <att>xml:id</att> attributes consisting of
	<list>
	  <item>a pragmatic abbreviation of the <label>title</label>: mgul-glu = glu,</item>
	  <item>the number of the <label>verse</label> in arabic numerals.</item>
	</list>
	</p>
      </refsDecl>

    </encodingDesc>

    <profileDesc>
      <langUsage>
	<language ident="en">English</language>
	<language ident="xct-Latn">Classical Tibetan</language>
      </langUsage>

      <textClass>
	<keywords scheme="https://tylergneill.github.io/gretil-mirror/">
	  <term>Tibetan</term>
	</keywords>
      </textClass>
    </profileDesc></teiHeader>

    <text xml:lang="" xml:id="glu">
      <body>
	<div>
	  <pb edRef="#Sorensen1990" n="44"/>
	  <lg xml:id="glu_1">
	    <l>shar phyogs ri bo'i rtse nas</l>
	    <l>dkar gsal zla ba shar byung</l>
	    <l>ma skyes a ma'i zhal ras</l>
	    <l>yid la 'khor 'khor byas byung</l>
	  </lg>
	  <pb edRef="#Sorensen1990" n="49"/>
	  <lg xml:id="glu_2">
	    <l>na ning btab pa'i ljang gzhon</l>
	    <l>da lo sog ma'i phon lcog</l>
	    <l>pho gzhon rgas pa'i lus po</l>
	    <l>lho gzhu de las gyong ba</l>
	  </lg>
	  <pb edRef="#Sorensen1990" n="52"/>
	  <lg xml:id="glu_3">
	    <l>rang sems song ba'i mi de</l>
	    <l>gtan gyi mdun mar byung na</l>
	    <l>rgya mtsho'i gting nas nor bu</l>
	    <l>lon pa de dang mnyam byung</l>
	  </lg>
	  <pb edRef="#Sorensen1990" n="54"/>
	  <lg xml:id="glu_4">
	    <l>'gro zhor lam bu'i snying thub</l>
	    <l>lus dri zhim pa'i bu mo</l>
	    <l>g.yu chung gru dkar brnyed nas</l>
	    <l>skyur ba de dang 'dra byung</l>
	  </lg>
	  <pb edRef="#Sorensen1990" n="59"/>
	  <lg xml:id="glu_5">
	    <l>mi chen dpon po'i sras mo</l>
	    <l>khams 'bras mtshar la bltas na</l>
	    <l>kham sdong mthon po'i rtse nas</l>
	    <l>'bras bu smin pa 'dra byung</l>
	  </lg>
	  <pb edRef="#Sorensen1990" n="64"/>
	  <lg xml:id="glu_6">
	    <l>sems pa phar la shor nas</l>
	    <l>mtshan mo'i gnyid thebs gcog gi</l>
	    <l>nyin mo lag tu ma lon</l>
	    <l>yid thang chad rogs yin pa</l>
	  </lg>
	  <pb edRef="#Sorensen1990" n="68"/>
	  <lg xml:id="glu_7">
	    <l>me tog nam zla yal song</l>
	    <l>g.yu sbrang sems pa ma skyo</l>
	    <l>byams pa'i las 'phro zad par</l>
	    <l>nga ni skyo rguy mi 'dug</l>
	  </lg>
	  <pb edRef="#Sorensen1990" n="73"/>
	  <lg xml:id="glu_8">
	    <l>rtsi thog ba mo'i kha la</l>
	    <l>skya ser rlung gi pho nya</l>
	    <l>me tog sbrang bu gnyis kyi</l>
	    <l>'bral mtshams byed mkhan los yin</l>
	  </lg>
	  <pb edRef="#Sorensen1990" n="77"/>
	  <lg xml:id="glu_9">
	    <l>ngang pa 'dam la chags nas</l>
	    <l>re zhig sdod dgos bsams kyang</l>
	    <l>mtsho mo dar kha 'grigs nas</l>
	    <l>rang sems kho thag chod song</l>
	  </lg>
	  <pb edRef="#Sorensen1990" n="84"/>
	  <lg xml:id="glu_10">
	    <l>gru shan sems pa med kyang</l>
	    <l>rta mgos phyi mig bltas byung</l>
	    <l>khrel gzhung med pa'i byams pas</l>
	    <l>nga la phyi mig mi lta</l>
	  </lg>
	  <pb edRef="#Sorensen1990" n="87"/>
	  <lg xml:id="glu_11">
	    <l>nga dang tshong 'dus bu mo'i</l>
	    <l>tshig gsum dam bca'i mdud pa</l>
	    <l>khra bo'i sbrul la ma brgyab</l>
	    <l>rang rang sa la grol song</l>
	  </lg>
	  <pb edRef="#Sorensen1990" n="91"/>
	  <lg xml:id="glu_12">
	    <l>chung 'dris byams pa'i rlung bskyed</l>
	    <l>lcang ma'i logs la btsugs yod</l>
	    <l>lcang srung a jo zhal ngos</l>
	    <l>rdo ka rgyag pa ma gnang</l>
	  </lg>
	  <pb edRef="#Sorensen1990" n="95"/>
	  <lg xml:id="glu_13">
	    <l>bris pa'i yi ge nag chung</l>
	    <l>chu dang thig pas 'jig song</l>
	    <l>ma bris sems kyi ri mo</l>
	    <l>bsubs kyang zub rgyu mi 'dug</l>
	  </lg>
	  <pb edRef="#Sorensen1990" n="98"/>
	  <lg xml:id="glu_14">
	    <l>rgyab pa'i nag chung the 'us</l>
	    <l>gsung skad 'byon ni mi shes</l>
	    <l>khrel dang gzhung gi the 'u</l>
	    <l>so so'i sems la skyon dang</l>
	  </lg>
	  <pb edRef="#Sorensen1990" n="100"/>
	  <lg xml:id="glu_15">
	    <l>stong ldan ha lo'i me tog</l>
	    <l>mchod pa'i rdzas la phebs na</l>
	    <l>g.yu sbrang gzhon nu nga yang</l>
	    <l>lha khang nang la khrid dang</l>
	  </lg>
	  <pb edRef="#Sorensen1990" n="104"/>
	  <lg xml:id="glu_16">
	    <l>sems song bu mo mi bzhugs</l>
	    <l>dam pa'i chos la phebs na</l>
	    <l>pho gzhon nga yang mi sdod</l>
	    <l>ri khrod 'grim la thal 'gro</l>
	  </lg>
	  <pb edRef="#Sorensen1990" n="106"/>
	  <lg xml:id="glu_17">
	    <l>mtshan ldan bla ma'i drung du</l>
	    <l>sems 'khrid zhu bar phyin pas</l>
	    <l>sems pa 'gor kyang mi thub</l>
	    <l>byams pa'i phyogs la shor song</l>
	  </lg>
	  <pb edRef="#Sorensen1990" n="109"/>
	  <lg xml:id="glu_18">
	    <l>sgom pa'i bla ma'i zhal ras</l>
	    <l>yid la 'char rgyu mi 'dug</l>
	    <l>ma sgom byams pa'i zhal ras</l>
	    <l>yid la wa le wa le</l>
	  </lg>
	  <pb edRef="#Sorensen1990" n="111"/>
	  <lg xml:id="glu_19">
	    <l>sems pa 'di la 'gro 'gro</l>
	    <l>dam pa'i chos la phyin na</l>
	    <l>tshe gcig lus gcig nyid la</l>
	    <l>sangs rgyas thob pa 'dug go</l>
	  </lg>
	  <pb edRef="#Sorensen1990" n="113"/>
	  <lg xml:id="glu_20">
	    <l>dag pa shel ri gangs chu</l>
	    <l>klu bdud rdo rje'i zil pa</l>
	    <l>bdud rtsi sman gyi phab rgyun</l>
	    <l>chang ma ye shes mkha' 'gro</l>
	    <l>dam tshig gtsang mas btung na</l>
	    <l>ngan song myong dgos mi 'dug</l>
	  </lg>
	  <pb edRef="#Sorensen1990" n="143"/>
	  <lg xml:id="glu_21">
	    <l>rlung rta yar 'gro'i dus la</l>
	    <l>rlung bskyed dar lcog btsugs pas</l>
	    <l>mdzangs ma ma bzang bu mo'i</l>
	    <l>mgron po la ni bos byung</l>
	  </lg>
	  <pb edRef="#Sorensen1990" n="146"/>
	  <lg xml:id="glu_22">
	    <l>so dkar lpags pa'i 'dzum mdangs</l>
	    <l>bzhugs gral spyi la bltas na</l>
	    <l>mig zur khra mo'i sgril mtshams</l>
	    <l>gzhpn pa'i gdong la bltas byung</l>
	  </lg>
	  <pb edRef="#Sorensen1990" n="148"/>
	  <lg xml:id="glu_23">
	    <l>ha cang sems la song nas</l>
	    <l>'grogs 'dris e yong dris pas</l>
	    <l>'chi bral byed na min na</l>
	    <l>gson bral mi byed gsungs byung</l>
	  </lg>
	  <pb edRef="#Sorensen1990" n="150"/>
	  <lg xml:id="glu_24">
	    <l>mdzangs ma'i thugs dang bstun na</l>
	    <l>tshe 'di'i chos skal chad 'gro</l>
	    <l>dben pa'i ri khrod 'grims na</l>
	    <l>bu mo'i thugs dang 'gal gro</l>
	  </lg>
	  <pb edRef="#Sorensen1990" n="153"/>
	  <lg xml:id="glu_25">
	    <l>sbrang bu rgya la bcug 'dra</l>
	    <l>kong phrug gzhon pa'i blo sna</l>
	    <l>zhag gsum nyal rogs byas pas</l>
	    <l>phugs yul lha chos dran byung</l>
	  </lg>
	  <pb edRef="#Sorensen1990" n="156"/>
	  <lg xml:id="glu_26">
	    <l>gtan grogs khyod la bsams pa'i</l>
	    <l>khrel dang ngo tsha med na</l>
	    <l>mgo la rgyab pa'i gsug g.yus</l>
	    <l>skad cha smras ni mi shes</l>
	  </lg>
	  <pb edRef="#Sorensen1990" n="159"/>
	  <lg xml:id="glu_27">
	    <l>'dzum dang so dkar ston phyogs</l>
	    <l>gzhon pa'i blo khrid yin 'dug</l>
	    <l>snying nas sha tsha yod med</l>
	    <l>dbu mna' bzhes rogs gnang dang</l>
	  </lg>
	  <pb edRef="#Sorensen1990" n="162"/>
	  <lg xml:id="glu_28">
	    <l>snying thub bya rdo lam 'phrad</l>
	    <l>a ma chang mas sbyar byung</l>
	    <l>lan chags bu lon byung na</l>
	    <l>'tsho skyong khyod ras gnang zhu</l>
	  </lg>
	  <pb edRef="#Sorensen1990" n="165"/>
	  <lg xml:id="glu_29">
	    <l>snying gtam pha mar ma bshad</l>
	    <l>chung 'dris byams par bshad pas</l>
	    <l>byams pa shwa pho mang nas</l>
	    <l>gsang gtam dgra bos go song</l>
	  </lg>
	  <pb edRef="#Sorensen1990" n="167"/>
	  <lg xml:id="glu_30">
	    <l>snying thub yid 'phrog lha mo</l>
	    <l>rngon pa rang gis zin kyang</l>
	    <l>dbang chen mi yi dpon po</l>
	    <l>nor bzang rgyal bus 'phrogs song</l>
	  </lg>
	  <pb edRef="#Sorensen1990" n="174"/>
	  <lg xml:id="glu_31">
	    <l>nor bu rang la yod dus</l>
	    <l>nor bu'i nor nyams ma chod</l>
	    <l>nor bu mi la shor dus</l>
	    <l>snying rlung stod la tshangs byung</l>
	  </lg>
	  <pb edRef="#Sorensen1990" n="177"/>
	  <lg xml:id="glu_32">
	    <l>rang la dga' ba'i byams pa</l>
	    <l>gzhan la mdun mar blangs song</l>
	    <l>khong nang sems pa'i gcong gis</l>
	    <l>lus po'i sha yang bskams song</l>
	  </lg>
	  <pb edRef="#Sorensen1990" n="179"/>
	  <lg xml:id="glu_33">
	    <l>snying thub rku la shor song</l>
	    <l>mo phywa rtsis 'bul ran song</l>
	    <l>bu mo gdung sems can ma</l>
	    <l>rmi lam nang la 'khor song</l>
	  </lg>
	  <pb edRef="#Sorensen1990" n="181"/>
	  <lg xml:id="glu_34">
	    <l>bu mor 'chi ba med pa</l>
	    <l>chang la 'dzad pa mi 'dug</l>
	    <l>gzhon pa'i gtan gyi skyabs gnas</l>
	    <l>'di la bcol bas los chog</l>
	  </lg>
	  <pb edRef="#Sorensen1990" n="183"/>
	  <lg xml:id="glu_35">
	    <l>bu mo a mar ma skyes</l>
	    <l>kham bu'i shing la skyes sam</l>
	    <l>a gsar zad pa kham bu'i</l>
	    <l>me tog de las mgyogs pa</l>
	  </lg>
	  <pb edRef="#Sorensen1990" n="185"/>
	  <lg xml:id="glu_36">
	    <l>bu mo chung 'dris byams pa</l>
	    <l>spyang ki'i rigs rgyud min nam</l>
	    <l>sha 'dris lpags 'dris byung yang</l>
	    <l>ri la yar grabs mdzad kyis</l>
	  </lg>
	  <pb edRef="#Sorensen1990" n="188"/>
	  <lg xml:id="glu_37">
	    <l>rta rgod ri la rgyab pa</l>
	    <l>rnyi dang zhags pas zin gyis</l>
	    <l>byams pa ngo log rgyab pa</l>
	    <l>mthu ngo zin pa mi 'dug</l>
	  </lg>
	  <pb edRef="#Sorensen1990" n="191"/>
	  <lg xml:id="glu_38">
	    <l>brag dang rlung po bsdebs nas</l>
	    <l>rgod po'i sgro la gzan byung</l>
	    <l>gyo can rdzu bag can gyis</l>
	    <l>nga la gzan po byas byung</l>
	  </lg>
	  <pb edRef="#Sorensen1990" n="195"/>
	  <lg xml:id="glu_39">
	    <l>sprin pa kha ser gting nag</l>
	    <l>sad dang se ra'i gzhi ma</l>
	    <l>ban de skya min ser min</l>
	    <l>sangs rgyas bstan pa'i dgra bo</l>
	  </lg>
	  <pb edRef="#Sorensen1990" n="199"/>
	  <lg xml:id="glu_40">
	    <l>sa de kha zhu gting 'khyags</l>
	    <l>rta pho gtong sa ma red</l>
	    <l>gsar 'grogs byams pa'i phyogs su</l>
	    <l>snying gtam bshad sa ma red</l>
	  </lg>
	  <pb edRef="#Sorensen1990" n="201"/>
	  <lg xml:id="glu_41">
	    <l>tshes chen bco lnga'i zla ba</l>
	    <l>yin pa 'dra ba 'dug ste</l>
	    <l>zla ba'i dkyil gyi ri bong</l>
	    <l>tshe zad tshar nas 'dug go</l>
	  </lg>
	  <pb edRef="#Sorensen1990" n="210"/>
	  <lg xml:id="glu_42">
	    <l>zla ba 'di nas phar 'gro</l>
	    <l>rting ma'i zla ba tshur yong</l>
	    <l>bkra shis zla ba dkar po'i</l>
	    <l>zla stod phyogs la mjal yong</l>
	  </lg>
	  <pb edRef="#Sorensen1990" n="212"/>
	  <lg xml:id="glu_43">
	    <l>dbus kyi ri gyal lhun po</l>
	    <l>ma 'gyur brtan par bzhugs dang</l>
	    <l>nyi ma zla ba'i bskor phyogs</l>
	    <l>nor yong bsam pa mi 'dug</l>
	  </lg>
	  <pb edRef="#Sorensen1990" n="215"/>
	  <lg xml:id="glu_44">
	    <l>tshes gsum zla ba dkar ba</l>
	    <l>dkar gos nang na chod song</l>
	    <l>bco lnga'i nam dang mnyam pa'i</l>
	    <l>zhal bzhes cig kyang gnang zhu</l>
	  </lg>
	  <pb edRef="#Sorensen1990" n="217"/>
	  <lg xml:id="glu_45">
	    <l>sa bcu'i dbyings su bzhugs pa'i</l>
	    <l>dam can rdo rje chos skyong</l>
	    <l>mthu dang nus pa yod na</l>
	    <l>bstan pa'i dgra bo sgrol dang</l>
	  </lg>
	  <pb edRef="#Sorensen1990" n="220"/>
	  <lg xml:id="glu_46">
	    <l>khu byug mon nas yong bas</l>
	    <l>gnam lo'i sa bcud 'phel song</l>
	    <l>nga dang byams pa phrad nas</l>
	    <l>lus sems lhod por langs song</l>
	  </lg>
	  <pb edRef="#Sorensen1990" n="223"/>
	  <lg xml:id="glu_47">
	    <l>skye 'gro mi rtag 'chi ba</l>
	    <l>snying nas ma dran zer na</l>
	    <l>spyang grung 'dzoms mdog kha yang</l>
	    <l>don la lkugs pa 'dra byung</l>
	  </lg>
	  <pb edRef="#Sorensen1990" n="225"/>
	  <lg xml:id="glu_48">
	    <l>khyi de stag khyi gzig khyi</l>
	    <l>ldag kha ster nas 'dris song</l>
	    <l>nang gi stag mo ral 'dzoms</l>
	    <l>'dris nas mthu ru langs song</l>
	  </lg>
	  <pb edRef="#Sorensen1990" n="227"/>
	  <lg xml:id="glu_49">
	    <l>sha 'jam lus po 'dris kyang</l>
	    <l>byams pa'i gdeng tshod mi lon</l>
	    <l>sa la ri mo bris pas</l>
	    <l>nam mkha'i skar tshod thig byung</l>
	  </lg>
	  <pb edRef="#Sorensen1990" n="229"/>
	  <lg xml:id="glu_50">
	    <l>nga dang byams pa'i sdebs sa</l>
	    <l>lho rong ljon pa'i nags gseb</l>
	    <l>smra mkhan ne tso ma gtogs</l>
	    <l>su dang gang gis mi shes</l>
	    <l>smra mkhan ne tso o shes</l>
	    <l>gsang kha mdo la ma gnang</l>
	  </lg>
	  <pb edRef="#Sorensen1990" n="231"/>
	  <lg xml:id="glu_51">
	    <l>lha sa mi tshogs mthug la</l>
	    <l>'phyongs rgyas mi spus dag pa</l>
	    <l>nga la yod pa'i chung 'dris</l>
	    <l>'phyongs rgyas gzhung la yod do</l>
	  </lg>
	  <pb edRef="#Sorensen1990" n="234"/>
	  <lg xml:id="glu_52">
	    <l>khyi rgan rgya bo zer ba</l>
	    <l>rnam shes mi las spyang ba</l>
	    <l>srod la langs song ma zer</l>
	    <l>tho rangs log byung ma zer</l>
	  </lg>
	  <pb edRef="#Sorensen1990" n="237"/>
	  <lg xml:id="glu_53">
	    <l>srod la byams pa btsal bas</l>
	    <l>tho rangs kha ba bab byung</l>
	    <l>gsang dang ma gsang mi 'dug</l>
	    <l>zhabs rjes gangs la bzhag yod</l>
	  </lg>
	  <pb edRef="#Sorensen1990" n=""/>
	  <lg xml:id="glu_54">
	    <l>po ta la ru bzhugs dus</l>
	    <l>rig 'dzin tshangs dbyangs rgya mtsho</l>
	    <l>lha sa zhol du sdod dus</l>
	    <l>'chal po dwangs bzang dbang po</l>
	  </lg>
	  <pb edRef="#Sorensen1990" n="245"/>
	  <lg xml:id="glu_55">
	    <l>sha 'jam mal sa nang gi</l>
	    <l>snying thub gdung sems can ma</l>
	    <l>o lo'i rgyu nor 'phrog pa'i</l>
	    <l>gyo sgyu bshad pa min 'gro</l>
	  </lg>
	  <pb edRef="#Sorensen1990" n="247"/>
	  <lg xml:id="glu_56">
	    <l>dbu zwa dbu la bzhes song</l>
	    <l>dbu lcang rgyab la dbyugs song</l>
	    <l>ga ler phebs shig byas pas</l>
	    <l>ga ler bzhugs shig gsung gis</l>
	    <l>thugs sems skyo yong byas pas</l>
	    <l>mgyogs po 'phrad yong gsungs byung</l>
	  </lg>
	  <pb edRef="#Sorensen1990" n="251"/>
	  <lg xml:id="glu_57">
	    <l>bya de khrung khrung dkar mo</l>
	    <l>nga la gshog rtsal g.yar dang</l>
	    <l>thag ring rgyang la mi 'gro</l>
	    <l>li thang bskor nas slebs yong</l>
	  </lg>
	  <pb edRef="#Sorensen1990" n="255"/>
	  <lg xml:id="glu_58">
	    <l>shi de dmyal ba'i yul gyi</l>
	    <l>chos rgyal las kyi me long</l>
	    <l>'di na khrig khrig mi 'dug</l>
	    <l>de nas khrig khrig gnang zhu</l>
	  </lg>
	  <pb edRef="#Sorensen1990" n="259"/>
	  <lg xml:id="glu_59">
	    <l>mda' mo 'ben la phog song</l>
	    <l>mde'u sa la 'dzul song</l>
	    <l>chung 'dris byams pa 'phrad byung</l>
	    <l>sems nyid rjes la 'brangs song</l>
	  </lg>
	  <pb edRef="#Sorensen1990" n="261"/>
	  <lg xml:id="glu_60">
	    <l>rgya gar shar gyi rma bya</l>
	    <l>kong yul mthil gyi ne tso</l>
	    <l>'khrungs sa 'khrungs yul mi gcig</l>
	    <l>'dzoms sa chos 'khor lha sa</l>
	  </lg>
	  <pb edRef="#Sorensen1990" n="266"/>
	  <lg xml:id="glu_61">
	    <l>mi tshos nga la lab pa</l>
	    <l>dgongs su dag pa khag theg</l>
	    <l>o lo'i gom gsum phra mo</l>
	    <l>gnas mo'i nang la thal song</l>
	  </lg>
	  <pb edRef="#Sorensen1990" n="268"/>
	  <lg xml:id="glu_62">
	    <l>lcang ma byi 'ur sems shor</l>
	    <l>byi 'u lcang mar sems shor</l>
	    <l>sems shor mthun pa byung na</l>
	    <l>skya khra hor pas mi thub</l>
	  </lg>
	  <pb edRef="#Sorensen1990" n="272"/>
	  <lg xml:id="glu_63">
	    <l>da lta'i tshe thung 'di la</l>
	    <l>de kha tsam zhig zhus nas</l>
	    <l>rting ma byis pa'i lo la</l>
	    <l>mjal 'dzom e yong blta 'o</l>
	  </lg>
	  <pb edRef="#Sorensen1990" n="274"/>
	  <lg xml:id="glu_64">
	    <l>bya de smra mkhan ne tso</l>
	    <l>kha rog bzhugs rogs mdzod dang</l>
	    <l>lcang gling a lce 'jol mo</l>
	    <l>gsung snyan skyur dgos byas byung</l>
	  </lg>
	  <pb edRef="#Sorensen1990" n="277"/>
	  <lg xml:id="glu_65">
	    <l>rgyab kyi klu bdud btsan po</l>
	    <l>'jigs dang mi 'jigs mi 'dug</l>
	    <l>mdun gyu ka ra ku shu</l>
	    <l>'thogs su dgos pa byas song</l>
	  </lg>
	  <pb edRef="#Sorensen1990" n="280"/>
	  <lg xml:id="glu_66">
	    <l>dang po ma mthong chog pa</l>
	    <l>sems pa shor don mi 'dug</l>
	    <l>gnyis pa ma 'dris chog pa</l>
	    <l>sems gcong yong don mi 'dug</l>
	  </lg>
	</div>
      </body>
    </text>
  </TEI>
